"","imagecol","imagerow","Spot_ID"
"AAACGAGACGGTTGAT-1",1196,1432,"AAACGAGACGGTTGAT-1"
"AAACTGCTGGCTCCAA-1",1419,1763,"AAACTGCTGGCTCCAA-1"
"AAAGGGATGTAGCAAG-1",1521,1074,"AAAGGGATGTAGCAAG-1"
"AAAGTGTGATTTATCT-1",909,1724,"AAAGTGTGATTTATCT-1"
"AAAGTTGACTCCCGTA-1",872,1658,"AAAGTTGACTCCCGTA-1"
"AAATACCTATAAGCAT-1",1380,1828,"AAATACCTATAAGCAT-1"
"AAATAGGGTGCTATTG-1",1189,2023,"AAATAGGGTGCTATTG-1"
"AAATGGTCAATGTGCC-1",1725,1372,"AAATGGTCAATGTGCC-1"
"AAATTAACGGGTAGCT-1",1593,1403,"AAATTAACGGGTAGCT-1"
"AAATTACCTATCGATG-1",916,1132,"AAATTACCTATCGATG-1"
"AACCCTACTGTCAATA-1",872,1592,"AACCCTACTGTCAATA-1"
"AACCGAGCTTGGTCAT-1",1370,1072,"AACCGAGCTTGGTCAT-1"
"AACCTTTAAATACGGT-1",1396,2059,"AACCTTTAAATACGGT-1"
"AACGATAATGCCGTAG-1",1302,2025,"AACGATAATGCCGTAG-1"
"AACGATATGTCAACTG-1",1256,1071,"AACGATATGTCAACTG-1"
"AACGCGGTCTCCAGCC-1",1465,1040,"AACGCGGTCTCCAGCC-1"
"AACGTGCGAAAGTCTC-1",1290,1465,"AACGTGCGAAAGTCTC-1"
"AACTCTCAATAGAGCG-1",931,1428,"AACTCTCAATAGAGCG-1"
"AAGACTGCAAGCTACT-1",1403,1467,"AAGACTGCAAGCTACT-1"
"AAGAGCTCTTTATCGG-1",1233,1432,"AAGAGCTCTTTATCGG-1"
"AAGAGGCATGGATCGC-1",1176,1464,"AAGAGGCATGGATCGC-1"
"AAGATTGGCGGAACGT-1",991,1133,"AAGATTGGCGGAACGT-1"
"AAGCACCCTGCGTATC-1",1300,2222,"AAGCACCCTGCGTATC-1"
"AAGCATACTCTCCTGA-1",1378,2026,"AAGCATACTCTCCTGA-1"
"AAGCTAGATCGAGTAA-1",1398,1927,"AAGCTAGATCGAGTAA-1"
"AAGCTCGTGCCAAGTC-1",1309,1433,"AAGCTCGTGCCAAGTC-1"
"AAGCTCTTTCATGGTG-1",1149,2154,"AAGCTCTTTCATGGTG-1"
"AAGGATGAGGGACCTC-1",1047,1167,"AAGGATGAGGGACCTC-1"
"AAGGGACAGATTCTGT-1",953,1133,"AAGGGACAGATTCTGT-1"
"AAGGTATCCTAATATA-1",1162,1102,"AAGGTATCCTAATATA-1"
"AAGGTGATAAACCAGC-1",946,1725,"AAGGTGATAAACCAGC-1"
"AAGTGTTTGGAGACGG-1",1170,1990,"AAGTGTTTGGAGACGG-1"
"AATAGAATCTGTTTCA-1",1058,1857,"AATAGAATCTGTTTCA-1"
"AATCGCCTCAGCGCCA-1",1194,1563,"AATCGCCTCAGCGCCA-1"
"AATCTGCGTTGGGACG-1",951,1330,"AATCTGCGTTGGGACG-1"
"AATGCAACCGGGTACC-1",1577,1107,"AATGCAACCGGGTACC-1"
"AATTAAAGGTCGGCGT-1",1742,1602,"AATTAAAGGTCGGCGT-1"
"AATTAACGGATTTCCA-1",1432,2191,"AATTAACGGATTTCCA-1"
"AATTAGCGCTGCAGCG-1",1492,1961,"AATTAGCGCTGCAGCG-1"
"AATTCTAGAGTTAGGC-1",1493,1895,"AATTCTAGAGTTAGGC-1"
"ACAAATCGCACCGAAT-1",1133,1924,"ACAAATCGCACCGAAT-1"
"ACAAATGGTAGTGTTT-1",1098,1726,"ACAAATGGTAGTGTTT-1"
"ACAACAGCATGAGCTA-1",1329,1334,"ACAACAGCATGAGCTA-1"
"ACAAGGAAATCCGCCC-1",1266,1893,"ACAAGGAAATCCGCCC-1"
"ACAAGGGCAGGCTCTG-1",1249,1728,"ACAAGGGCAGGCTCTG-1"
"ACAATTTGAGCAGTGG-1",1142,1201,"ACAATTTGAGCAGTGG-1"
"ACACAAAGACGGGTGG-1",1634,1075,"ACACAAAGACGGGTGG-1"
"ACACACCAGGACCAGT-1",984,1725,"ACACACCAGGACCAGT-1"
"ACACCCAGCATGCAGC-1",1748,1076,"ACACCCAGCATGCAGC-1"
"ACACGAGACTCCTTCT-1",1348,1302,"ACACGAGACTCCTTCT-1"
"ACACGGGAACTTAGGG-1",1350,1170,"ACACGGGAACTTAGGG-1"
"ACAGGCTTGCCCGACT-1",1038,2022,"ACAGGCTTGCCCGACT-1"
"ACATAATAAGGCGGTG-1",1503,975,"ACATAATAAGGCGGTG-1"
"ACATCGATCGTTTACC-1",1514,1665,"ACATCGATCGTTTACC-1"
"ACATTAGTTTATATCC-1",1530,1962,"ACATTAGTTTATATCC-1"
"ACCAATATGCAAGTTA-1",1206,2122,"ACCAATATGCAAGTTA-1"
"ACCACAAGTTTCTATC-1",1670,1273,"ACCACAAGTTTCTATC-1"
"ACCACGTGCAGCTATA-1",1247,1860,"ACCACGTGCAGCTATA-1"
"ACCATATCCGCAATAA-1",1629,1535,"ACCATATCCGCAATAA-1"
"ACCCAACGCCCGTGGC-1",1065,1266,"ACCCAACGCCCGTGGC-1"
"ACCCGGAAACTCCCAG-1",1452,2158,"ACCCGGAAACTCCCAG-1"
"ACCCGGATGACGCATC-1",798,1526,"ACCCGGATGACGCATC-1"
"ACCCTCCCTTGCTATT-1",1096,1858,"ACCCTCCCTTGCTATT-1"
"ACCGACACATCTCCCA-1",1412,2289,"ACCGACACATCTCCCA-1"
"ACCGACTGAGTCCCAC-1",1444,1204,"ACCGACTGAGTCCCAC-1"
"ACCGATGGTAGCATCG-1",950,1462,"ACCGATGGTAGCATCG-1"
"ACCGCAATAACTGCCT-1",1189,1958,"ACCGCAATAACTGCCT-1"
"ACGATACATAGAACTA-1",1182,1004,"ACGATACATAGAACTA-1"
"ACGATCATACATAGAG-1",1502,1106,"ACGATCATACATAGAG-1"
"ACGATCATCTTGTAAA-1",761,1459,"ACGATCATCTTGTAAA-1"
"ACGCATTCGTGAGTAC-1",1536,1370,"ACGCATTCGTGAGTAC-1"
"ACGCCGCTAGACGACC-1",1344,1696,"ACGCCGCTAGACGACC-1"
"ACGCGAAGTCAGACGA-1",1568,1896,"ACGCGAAGTCAGACGA-1"
"ACGCGGGCCAAGGACA-1",1517,1402,"ACGCGGGCCAAGGACA-1"
"ACGCTAGTGATACACT-1",801,1197,"ACGCTAGTGATACACT-1"
"ACGGATGGTGCGGATA-1",1187,2155,"ACGGATGGTGCGGATA-1"
"ACGGCGACGATGGGAA-1",1228,1892,"ACGGCGACGATGGGAA-1"
"ACGTAGATTGCTGATG-1",1423,1368,"ACGTAGATTGCTGATG-1"
"ACGTATTACTCCGATC-1",853,1625,"ACGTATTACTCCGATC-1"
"ACGTTAATGTCGAAGA-1",1382,1631,"ACGTTAATGTCGAAGA-1"
"ACTCAATAAAGGCACG-1",1388,1105,"ACTCAATAAAGGCACG-1"
"ACTCCCGAATTCGTTT-1",724,1327,"ACTCCCGAATTCGTTT-1"
"ACTCCCTAATGCTAAA-1",1376,2157,"ACTCCCTAATGCTAAA-1"
"ACTCCCTAGAATAGTA-1",1361,1861,"ACTCCCTAGAATAGTA-1"
"ACTCGTCAGTAATCCC-1",1214,1465,"ACTCGTCAGTAATCCC-1"
"ACTCTCTGACTTAGGT-1",1212,1662,"ACTCTCTGACTTAGGT-1"
"ACTCTTGTATAGTAAC-1",1365,1466,"ACTCTTGTATAGTAAC-1"
"ACTGAATGGCGAAAGT-1",1115,1825,"ACTGAATGGCGAAAGT-1"
"ACTGTACGATACACAT-1",1216,1267,"ACTGTACGATACACAT-1"
"ACTGTCCAGGATTATA-1",1650,1371,"ACTGTCCAGGATTATA-1"
"ACTGTCTTCTTTAGAA-1",1481,1270,"ACTGTCTTCTTTAGAA-1"
"ACTTACGCATCCACGC-1",1206,2188,"ACTTACGCATCCACGC-1"
"ACTTATACTTACCCGG-1",987,1462,"ACTTATACTTACCCGG-1"
"ACTTATTAGGATCGGT-1",1705,1536,"ACTTATTAGGATCGGT-1"
"ACTTCAGGCTGATCCC-1",1152,1957,"ACTTCAGGCTGATCCC-1"
"ACTTCGCCATACGCAC-1",1274,1169,"ACTTCGCCATACGCAC-1"
"ACTTGACTCCCTCTTT-1",1325,1663,"ACTTGACTCCCTCTTT-1"
"ACTTGGGACCCGGTGG-1",1765,1241,"ACTTGGGACCCGGTGG-1"
"ACTTTCCTATAGCTTC-1",1519,1205,"ACTTTCCTATAGCTTC-1"
"AGAACGTGGTACATTC-1",1312,1170,"AGAACGTGGTACATTC-1"
"AGAAGAGCGCCGTTCC-1",1024,1528,"AGAAGAGCGCCGTTCC-1"
"AGAATTATGGATTCGA-1",838,1329,"AGAATTATGGATTCGA-1"
"AGACCCACCGCTGATC-1",1455,1895,"AGACCCACCGCTGATC-1"
"AGACCCGCCCTCCTCG-1",1634,1141,"AGACCCGCCCTCCTCG-1"
"AGAGAACCGTCTAGGA-1",1029,1134,"AGAGAACCGTCTAGGA-1"
"AGATCTCAGGTGTGAT-1",1273,1235,"AGATCTCAGGTGTGAT-1"
"AGATGACTCGCCCACG-1",1654,976,"AGATGACTCGCCCACG-1"
"AGATTATAGGACGTTT-1",1668,1470,"AGATTATAGGACGTTT-1"
"AGCAAAGGCCGCTAGT-1",1318,2255,"AGCAAAGGCCGCTAGT-1"
"AGCAACATATCTTATT-1",929,1626,"AGCAACATATCTTATT-1"
"AGCACCAGTACTCACG-1",1463,1172,"AGCACCAGTACTCACG-1"
"AGCACTACCTCACCAG-1",1151,2023,"AGCACTACCTCACCAG-1"
"AGCATCGTCGATAATT-1",1711,1010,"AGCATCGTCGATAATT-1"
"AGCCACTCCCGTGCTT-1",1162,1037,"AGCCACTCCCGTGCTT-1"
"AGCGACCAACGATATT-1",1653,1108,"AGCGACCAACGATATT-1"
"AGCGTGGTATTCTACT-1",1343,1762,"AGCGTGGTATTCTACT-1"
"AGCTCCTTCGCACATC-1",1057,1989,"AGCTCCTTCGCACATC-1"
"AGCTCTAGACGTTCCA-1",1251,1531,"AGCTCTAGACGTTCCA-1"
"AGGAAGCTGTCCGCCG-1",1450,2289,"AGGAAGCTGTCCGCCG-1"
"AGGACAGTCGAATCCC-1",1079,1693,"AGGACAGTCGAATCCC-1"
"AGGATAAAGTCGGGAT-1",1453,2026,"AGGATAAAGTCGGGAT-1"
"AGGCAGATGCGTAAAC-1",1067,1134,"AGGCAGATGCGTAAAC-1"
"AGGGCTGCAGTTACAG-1",1460,1435,"AGGGCTGCAGTTACAG-1"
"AGGGTCGATGCGAACT-1",855,1493,"AGGGTCGATGCGAACT-1"
"AGGGTGCTCTCGAGGG-1",950,1396,"AGGGTGCTCTCGAGGG-1"
"AGGGTTCCCTTTGGTT-1",1027,1265,"AGGGTTCCCTTTGGTT-1"
"AGGGTTTAGTTCGGGA-1",1499,1369,"AGGGTTTAGTTCGGGA-1"
"AGGTTGAGGCACGCTT-1",1295,1005,"AGGTTGAGGCACGCTT-1"
"AGGTTTCACACACCTT-1",1420,1631,"AGGTTTCACACACCTT-1"
"AGTACGGGCACCTGGC-1",1199,1103,"AGTACGGGCACCTGGC-1"
"AGTCCATTGGCTGATG-1",796,1657,"AGTCCATTGGCTGATG-1"
"AGTCGACGGTCTCAAG-1",987,1528,"AGTCGACGGTCTCAAG-1"
"AGTCTTCTCCTCAAAT-1",1445,1073,"AGTCTTCTCCTCAAAT-1"
"AGTGAGACTTCCAGTA-1",1044,1430,"AGTGAGACTTCCAGTA-1"
"AGTGATTCAAGCAGGA-1",1045,1364,"AGTGATTCAAGCAGGA-1"
"AGTGCTTGCACGAATA-1",1004,1627,"AGTGCTTGCACGAATA-1"
"AGTTCCTACAGAATTA-1",1745,1273,"AGTTCCTACAGAATTA-1"
"AGTTCCTATTTATGTT-1",1457,1698,"AGTTCCTATTTATGTT-1"
"AGTTTGCACCTGCCTC-1",1281,2189,"AGTTTGCACCTGCCTC-1"
"ATAAACGGACCCGTAA-1",1531,1830,"ATAAACGGACCCGTAA-1"
"ATAAAGGCTCGGTCGT-1",1744,1405,"ATAAAGGCTCGGTCGT-1"
"ATAACGCCGGAGGGTC-1",1158,1431,"ATAACGCCGGAGGGTC-1"
"ATAACGGAGTCCAACG-1",1275,1104,"ATAACGGAGTCCAACG-1"
"ATAAGGTGGAGAACAT-1",1322,1926,"ATAAGGTGGAGAACAT-1"
"ATAATAGCTGTTGAAT-1",1493,1830,"ATAATAGCTGTTGAAT-1"
"ATACAGGCCCTCCAAT-1",1320,2124,"ATACAGGCCCTCCAAT-1"
"ATACCTAACCAAGAAA-1",1470,2191,"ATACCTAACCAAGAAA-1"
"ATACGCCGGCGAAACC-1",1213,1596,"ATACGCCGGCGAAACC-1"
"ATACGTACTTAGCCAC-1",1226,2090,"ATACGTACTTAGCCAC-1"
"ATACTAGCATGACCCT-1",1541,975,"ATACTAGCATGACCCT-1"
"ATAGACAACGGGACCT-1",953,1199,"ATAGACAACGGGACCT-1"
"ATAGAGTTATCAACTT-1",934,1165,"ATAGAGTTATCAACTT-1"
"ATAGGGATATCCTTGA-1",1352,973,"ATAGGGATATCCTTGA-1"
"ATAGGTTGGGCAGATG-1",1482,1205,"ATAGGTTGGGCAGATG-1"
"ATAGTTCCACCCACTC-1",760,1525,"ATAGTTCCACCCACTC-1"
"ATATAAAGCGCTCGTG-1",1395,2190,"ATATAAAGCGCTCGTG-1"
"ATATAAATGTAGCTGC-1",1283,2057,"ATATAAATGTAGCTGC-1"
"ATATCTTAGGGCCTTC-1",1536,1435,"ATATCTTAGGGCCTTC-1"
"ATATGTCTCCCTAGCC-1",855,1428,"ATATGTCTCCCTAGCC-1"
"ATATTCCACATAGTGA-1",1227,1958,"ATATTCCACATAGTGA-1"
"ATATTTAACCCTCAAG-1",1651,1305,"ATATTTAACCCTCAAG-1"
"ATCAATCTGGGCTGCA-1",1461,1369,"ATCAATCTGGGCTGCA-1"
"ATCACTTCATCCTCGC-1",1428,974,"ATCACTTCATCCTCGC-1"
"ATCATCCAATATTTGT-1",1572,1567,"ATCATCCAATATTTGT-1"
"ATCGACCCAATACAGA-1",1495,1698,"ATCGACCCAATACAGA-1"
"ATCGACTCTTTCCGTT-1",1540,1041,"ATCGACTCTTTCCGTT-1"
"ATCGCACGCCGGGAGA-1",1615,1108,"ATCGCACGCCGGGAGA-1"
"ATCGGAGACAGACGGC-1",1246,1991,"ATCGGAGACAGACGGC-1"
"ATCTAATATCCTACGG-1",1415,2092,"ATCTAATATCCTACGG-1"
"ATCTGCACCTCTGCGA-1",782,1229,"ATCTGCACCTCTGCGA-1"
"ATCTGGGCTGTTCTTG-1",1375,2289,"ATCTGGGCTGTTCTTG-1"
"ATCTGGTTAAGACTGT-1",1256,1136,"ATCTGGTTAAGACTGT-1"
"ATGACTATGCGACATT-1",1021,1857,"ATGACTATGCGACATT-1"
"ATGCATGATCCAGGAT-1",1464,1106,"ATGCATGATCCAGGAT-1"
"ATGCCATTTGCGACCA-1",966,1692,"ATGCCATTTGCGACCA-1"
"ATGCCGGTCTTGCATA-1",1273,1301,"ATGCCGGTCTTGCATA-1"
"ATGCGACAGTCCCATT-1",1347,1433,"ATGCGACAGTCCCATT-1"
"ATGGAGCAGGCCGTGA-1",1441,1467,"ATGGAGCAGGCCGTGA-1"
"ATGGATTGACCAAACG-1",1539,1172,"ATGGATTGACCAAACG-1"
"ATGGGCCTCGGCCTCT-1",965,1758,"ATGGGCCTCGGCCTCT-1"
"ATGTGCATCCGACGCA-1",1616,1042,"ATGTGCATCCGACGCA-1"
"ATGTGGACATCTTGAT-1",1342,1828,"ATGTGGACATCTTGAT-1"
"ATTAAACATGCGGACC-1",1570,1699,"ATTAAACATGCGGACC-1"
"ATTAATACTACGCGGG-1",1446,1007,"ATTAATACTACGCGGG-1"
"ATTAATGAACCAGTCG-1",1200,1037,"ATTAATGAACCAGTCG-1"
"ATTAGGCGATGCTTTC-1",1346,1499,"ATTAGGCGATGCTTTC-1"
"ATTATGCCATAGGGAG-1",1692,977,"ATTATGCCATAGGGAG-1"
"ATTCACTGATGTTGGA-1",1395,2124,"ATTCACTGATGTTGGA-1"
"ATTCATATACTGTCCA-1",1550,1797,"ATTCATATACTGTCCA-1"
"ATTGAAGATCTTAGTG-1",1764,1307,"ATTGAAGATCTTAGTG-1"
"ATTGATGAGTCCTAAC-1",818,1361,"ATTGATGAGTCCTAAC-1"
"ATTGTACAACTCGGCT-1",742,1426,"ATTGTACAACTCGGCT-1"
"ATTTGTCTTGGGAGCT-1",1099,1595,"ATTTGTCTTGGGAGCT-1"
"ATTTGTTCCAGGGCTC-1",1353,907,"ATTTGTTCCAGGGCTC-1"
"CAAGAGGGCGGAGTAC-1",1286,1794,"CAAGAGGGCGGAGTAC-1"
"CAAGATATTATAACGT-1",1003,1758,"CAAGATATTATAACGT-1"
"CAAGCGGCACATAATT-1",1321,2058,"CAAGCGGCACATAATT-1"
"CAAGGATCGCATGTTC-1",1402,1598,"CAAGGATCGCATGTTC-1"
"CAAGTGTGGTTGCAAA-1",910,1593,"CAAGTGTGGTTGCAAA-1"
"CAATAAACCTTGGCCC-1",1293,1137,"CAATAAACCTTGGCCC-1"
"CAATGCGAGAAGTATC-1",1132,2056,"CAATGCGAGAAGTATC-1"
"CAATGGATCTCTACCA-1",1066,1200,"CAATGGATCTCTACCA-1"
"CAATTAAGGGTGATGA-1",1462,1237,"CAATTAAGGGTGATGA-1"
"CAATTTCGTATAAGGG-1",1497,1501,"CAATTTCGTATAAGGG-1"
"CACACGCGCTGTCTTA-1",1007,1364,"CACACGCGCTGTCTTA-1"
"CACAGCACCCACGGCA-1",1575,1304,"CACAGCACCCACGGCA-1"
"CACAGCTAGGGAGTGA-1",1560,942,"CACAGCTAGGGAGTGA-1"
"CACATATTAGCAGGAT-1",1304,1827,"CACATATTAGCAGGAT-1"
"CACATCTCACCGACGA-1",1263,2156,"CACATCTCACCGACGA-1"
"CACATGATTCAGCAAC-1",1478,1533,"CACATGATTCAGCAAC-1"
"CACCCTAACAAGATCT-1",1169,2122,"CACCCTAACAAGATCT-1"
"CACCGCCAGAAGGTTT-1",1577,1173,"CACCGCCAGAAGGTTT-1"
"CACCTAATCAGTTTAC-1",1334,940,"CACCTAATCAGTTTAC-1"
"CACCTTGCGAAACTCG-1",1105,1069,"CACCTTGCGAAACTCG-1"
"CACGCACAGCGCAGCT-1",1332,1071,"CACGCACAGCGCAGCT-1"
"CACGCGGAACTGTTGC-1",834,1658,"CACGCGGAACTGTTGC-1"
"CACGTTCGTGCTCTAG-1",1157,1497,"CACGTTCGTGCTCTAG-1"
"CACTAAAGTTGCCTAT-1",1725,1438,"CACTAAAGTTGCCTAT-1"
"CACTCAAGAGCTATGG-1",1610,1568,"CACTCAAGAGCTATGG-1"
"CACTCGAGCTGAACAA-1",1285,1860,"CACTCGAGCTGAACAA-1"
"CAGAACTTAGCCCTCT-1",1075,2022,"CAGAACTTAGCCCTCT-1"
"CAGACCTGTAAGTGTT-1",819,1296,"CAGACCTGTAAGTGTT-1"
"CAGAGCATGAGCTTGC-1",1369,1138,"CAGAGCATGAGCTTGC-1"
"CAGCAGCCCGTTCCTT-1",1217,1202,"CAGCAGCCCGTTCCTT-1"
"CAGCCTCCTGCAGAGG-1",1238,1037,"CAGCCTCCTGCAGAGG-1"
"CAGCTCACTGAGACAT-1",1574,1370,"CAGCTCACTGAGACAT-1"
"CAGCTCGACAAGTTAA-1",990,1199,"CAGCTCGACAAGTTAA-1"
"CAGGATATATCGTTGT-1",1551,1732,"CAGGATATATCGTTGT-1"
"CAGGCGCCATGCTAGG-1",1304,1893,"CAGGCGCCATGCTAGG-1"
"CAGTAGCCCACGCGGT-1",973,1100,"CAGTAGCCCACGCGGT-1"
"CAGTCTGTATACTGGG-1",1439,1665,"CAGTCTGTATACTGGG-1"
"CAGTGAATAAATGACT-1",1124,1102,"CAGTGAATAAATGACT-1"
"CAGTTCAAATTGACAC-1",1727,1240,"CAGTTCAAATTGACAC-1"
"CATAACGGACAGTCGT-1",912,1461,"CATAACGGACAGTCGT-1"
"CATAAGAAGCTTGGCT-1",1319,2189,"CATAAGAAGCTTGGCT-1"
"CATACGGCGTCTGGGC-1",1496,1567,"CATACGGCGTCTGGGC-1"
"CATCGGACGGGTTAAT-1",1590,1666,"CATCGGACGGGTTAAT-1"
"CATCTTACACCACCTC-1",817,1493,"CATCTTACACCACCTC-1"
"CATGATGCACAATTCT-1",1390,973,"CATGATGCACAATTCT-1"
"CATGGGTATGCCTTAT-1",1131,2121,"CATGGGTATGCCTTAT-1"
"CATGGTAAGTAGCGTT-1",1305,1762,"CATGGTAAGTAGCGTT-1"
"CATGGTCTAGATACCG-1",1445,1138,"CATGGTCTAGATACCG-1"
"CATGTCTCATTTATGG-1",1077,1891,"CATGTCTCATTTATGG-1"
"CATTATGCTTGTTGTG-1",1709,1142,"CATTATGCTTGTTGTG-1"
"CATTTAGCGGACCATG-1",1086,1101,"CATTTAGCGGACCATG-1"
"CCAAGACTTCTGCGAA-1",1522,942,"CCAAGACTTCTGCGAA-1"
"CCAAGCGTAACTCGTA-1",1347,1368,"CCAAGCGTAACTCGTA-1"
"CCACAATGTACGTCTT-1",1084,1233,"CCACAATGTACGTCTT-1"
"CCACACTGAGATATTA-1",1761,1570,"CCACACTGAGATATTA-1"
"CCACCCAAGGAAAGTG-1",1270,1498,"CCACCCAAGGAAAGTG-1"
"CCAGATAGTTGAGTGA-1",1104,1200,"CCAGATAGTTGAGTGA-1"
"CCAGCCTGGACCAATA-1",1459,1500,"CCAGCCTGGACCAATA-1"
"CCAGGGACGTGGCCTC-1",1690,1174,"CCAGGGACGTGGCCTC-1"
"CCAGTAGTCTGATCCA-1",972,1166,"CCAGTAGTCTGATCCA-1"
"CCAGTCTAGACGGCGC-1",1067,1068,"CCAGTCTAGACGGCGC-1"
"CCATACCTTTACTTGT-1",763,1262,"CCATACCTTTACTTGT-1"
"CCATCGCAGTTAAACT-1",1511,1928,"CCATCGCAGTTAAACT-1"
"CCATCTCACCAGTGAA-1",835,1526,"CCATCTCACCAGTGAA-1"
"CCATGCCTGTTTAGTA-1",1687,1437,"CCATGCCTGTTTAGTA-1"
"CCATTTCTACCTATTA-1",1339,2091,"CCATTTCTACCTATTA-1"
"CCCAAACATGCTGCTC-1",1026,1397,"CCCAAACATGCTGCTC-1"
"CCCAGTTAAGGCGCCG-1",1136,1661,"CCCAGTTAAGGCGCCG-1"
"CCCGACCATAGTCCGC-1",1296,939,"CCCGACCATAGTCCGC-1"
"CCCGCAGCGCGAACTA-1",1417,1894,"CCCGCAGCGCGAACTA-1"
"CCCGTCAGCGTCTGAC-1",1729,1043,"CCCGTCAGCGTCTGAC-1"
"CCGAACCTTCCCGGCC-1",1341,1894,"CCGAACCTTCCCGGCC-1"
"CCGATCTCAACCTTAT-1",779,1492,"CCGATCTCAACCTTAT-1"
"CCGCACAAAGACCAAC-1",1252,1465,"CCGCACAAAGACCAAC-1"
"CCGCATGTGGTACGAT-1",1433,2125,"CCGCATGTGGTACGAT-1"
"CCGCTATCAGCACCAG-1",1494,1764,"CCGCTATCAGCACCAG-1"
"CCGGGCGGTCTCGTCA-1",1253,1334,"CCGGGCGGTCTCGTCA-1"
"CCGGGCTGCTCCATAC-1",1063,1463,"CCGGGCTGCTCCATAC-1"
"CCGTAAGTTGGTCCCA-1",1234,1366,"CCGTAAGTTGGTCCCA-1"
"CCTAAATTAACGGTTC-1",1401,1664,"CCTAAATTAACGGTTC-1"
"CCTACTGCTTACACTT-1",1765,1175,"CCTACTGCTTACACTT-1"
"CCTAGGCGTAGCGATC-1",1025,1462,"CCTAGGCGTAGCGATC-1"
"CCTATAATGAGTGCCC-1",1150,2089,"CCTATAATGAGTGCCC-1"
"CCTATGGGTTACCGTC-1",1387,1236,"CCTATGGGTTACCGTC-1"
"CCTCACCTTAGCATCG-1",858,1165,"CCTCACCTTAGCATCG-1"
"CCTCGGACCGGGATAG-1",1080,1627,"CCTCGGACCGGGATAG-1"
"CCTCTAATCTGCCAAG-1",1314,1038,"CCTCTAATCTGCCAAG-1"
"CCTCTGTACTATTCTA-1",1529,2027,"CCTCTGTACTATTCTA-1"
"CCTGAACGATATATTC-1",1081,1496,"CCTGAACGATATATTC-1"
"CCTGAATATTTACATA-1",1351,1039,"CCTGAATATTTACATA-1"
"CCTGACCACCGATGGT-1",1532,1764,"CCTGACCACCGATGGT-1"
"CCTGCTATTTGAGAAG-1",1747,1142,"CCTGCTATTTGAGAAG-1"
"CCTGGTCGAATGTGGG-1",1375,2223,"CCTGGTCGAATGTGGG-1"
"CCTGTCACCCGGGCTC-1",1425,1237,"CCTGTCACCCGGGCTC-1"
"CCTGTCGCCCGTAAAT-1",1516,1468,"CCTGTCGCCCGTAAAT-1"
"CCTTCTTGATCCAGTG-1",1315,907,"CCTTCTTGATCCAGTG-1"
"CGACAATTTGATCTAA-1",890,1691,"CGACAATTTGATCTAA-1"
"CGAGACCCTAGAGTGT-1",1533,1698,"CGAGACCCTAGAGTGT-1"
"CGAGAGATGTGAACCT-1",1311,1236,"CGAGAGATGTGAACCT-1"
"CGAGGCTAAATATGGC-1",1349,1236,"CGAGGCTAAATATGGC-1"
"CGAGGGACTGCGGTCG-1",1213,1530,"CGAGGGACTGCGGTCG-1"
"CGAGTTCTGTCCCACC-1",1085,1167,"CGAGTTCTGTCCCACC-1"
"CGAGTTTATCGGACTG-1",930,1494,"CGAGTTTATCGGACTG-1"
"CGATCCGACCCAGTGC-1",1742,1536,"CGATCCGACCCAGTGC-1"
"CGATTCGCCTGGCTGC-1",1301,2156,"CGATTCGCCTGGCTGC-1"
"CGCACATGTCCACTAC-1",1043,1561,"CGCACATGTCCACTAC-1"
"CGCACGTGCGCTATCA-1",816,1559,"CGCACGTGCGCTATCA-1"
"CGCATGGTGCGATGCT-1",1439,1599,"CGCATGGTGCGATGCT-1"
"CGCATTAGCTAATAGG-1",1614,1173,"CGCATTAGCTAATAGG-1"
"CGCCATCCGATTATGA-1",1181,1070,"CGCCATCCGATTATGA-1"
"CGCCGCCCATGCCTGT-1",1118,1562,"CGCCGCCCATGCCTGT-1"
"CGCCTCCCTCCTCTAT-1",1306,1696,"CGCCTCCCTCCTCTAT-1"
"CGCGCCCGACTTAATA-1",1276,972,"CGCGCCCGACTTAATA-1"
"CGCGGCTCAACTTGAA-1",852,1691,"CGCGGCTCAACTTGAA-1"
"CGCGGGAATTAGGCAG-1",1179,1201,"CGCGGGAATTAGGCAG-1"
"CGCGTTCATGAAATAC-1",1728,1175,"CGCGTTCATGAAATAC-1"
"CGCTAGAGACCGCTGC-1",778,1558,"CGCTAGAGACCGCTGC-1"
"CGCTATTCTTAGGCTC-1",1553,1534,"CGCTATTCTTAGGCTC-1"
"CGCTTTCTTGCATTCG-1",1084,1299,"CGCTTTCTTGCATTCG-1"
"CGGAGCATGGCGATCC-1",1421,1566,"CGGAGCATGGCGATCC-1"
"CGGCAAACATCGTGCG-1",1435,1993,"CGGCAAACATCGTGCG-1"
"CGGCAGGGTCGGGTTG-1",913,1330,"CGGCAGGGTCGGGTTG-1"
"CGGCCACGCACAAAGT-1",1573,1436,"CGGCCACGCACAAAGT-1"
"CGGGAATTTATGTAAA-1",1456,1763,"CGGGAATTTATGTAAA-1"
"CGGGATCAATGTAAGA-1",1578,1041,"CGGGATCAATGTAAGA-1"
"CGGGCAGCTAAACCGC-1",1631,1338,"CGGGCAGCTAAACCGC-1"
"CGGGCCTTCTTTGTAA-1",1647,1634,"CGGGCCTTCTTTGTAA-1"
"CGGGTGTACCCATTTA-1",1064,1331,"CGGGTGTACCCATTTA-1"
"CGGTACTAGAATCAAA-1",1117,1694,"CGGTACTAGAATCAAA-1"
"CGGTCAAGTGGGAACC-1",1180,1135,"CGGTCAAGTGGGAACC-1"
"CGGTTATCCAACAGTG-1",838,1263,"CGGTTATCCAACAGTG-1"
"CGTACCTGATAGGCCT-1",1408,1006,"CGTACCTGATAGGCCT-1"
"CGTATTAAGAGATCTA-1",1669,1338,"CGTATTAAGAGATCTA-1"
"CGTCGGATAGTGTTGA-1",875,1395,"CGTCGGATAGTGTTGA-1"
"CGTCGTCCTTCGCGAA-1",1244,2123,"CGTCGTCCTTCGCGAA-1"
"CGTGAAGTTAATTCAC-1",1628,1601,"CGTGAAGTTAATTCAC-1"
"CGTGCAGACTGGGACA-1",1288,1597,"CGTGCAGACTGGGACA-1"
"CGTGCCCTCCCGAAGA-1",1230,1695,"CGTGCCCTCCCGAAGA-1"
"CGTTGAATACCGCGCT-1",1225,2155,"CGTTGAATACCGCGCT-1"
"CGTTGAGCGACCGTCG-1",1287,1729,"CGTTGAGCGACCGTCG-1"
"CTAAAGGGAAATAGGA-1",1513,1731,"CTAAAGGGAAATAGGA-1"
"CTAAATCCTATTCCGG-1",1105,1135,"CTAAATCCTATTCCGG-1"
"CTAACGAAACTTGCTG-1",914,1264,"CTAACGAAACTTGCTG-1"
"CTAAGGGAATGATTGG-1",1324,1729,"CTAAGGGAATGATTGG-1"
"CTACCCTAAGGTCATA-1",970,1297,"CTACCCTAAGGTCATA-1"
"CTACGCACGGAGTACC-1",1611,1436,"CTACGCACGGAGTACC-1"
"CTACTATCTTTCAGAG-1",933,1231,"CTACTATCTTTCAGAG-1"
"CTACTGCCACCTGACC-1",1501,1172,"CTACTGCCACCTGACC-1"
"CTAGATGTGAGTGTAA-1",743,1361,"CTAGATGTGAGTGTAA-1"
"CTAGATTTACGACGGC-1",1287,1663,"CTAGATTTACGACGGC-1"
"CTAGCATAGTATAATG-1",1442,1401,"CTAGCATAGTATAATG-1"
"CTAGGTTCGGACGTGA-1",1357,2190,"CTAGGTTCGGACGTGA-1"
"CTAGTCACGTCTTAAG-1",1384,1499,"CTAGTCACGTCTTAAG-1"
"CTAGTTACAACCCGGT-1",1415,2026,"CTAGTTACAACCCGGT-1"
"CTAGTTGGGCCCGGTA-1",1407,1138,"CTAGTTGGGCCCGGTA-1"
"CTATCGGGTCTCAACA-1",1385,1434,"CTATCGGGTCTCAACA-1"
"CTATGTCACTAGCCCA-1",1443,1270,"CTATGTCACTAGCCCA-1"
"CTATTCATGTGTCCCA-1",1510,1994,"CTATTCATGTGTCCCA-1"
"CTATTTGGTTACGGAT-1",1138,1464,"CTATTTGGTTACGGAT-1"
"CTCATTTGATGGGCGG-1",1522,1008,"CTCATTTGATGGGCGG-1"
"CTCCGGCCTAATATGC-1",1580,910,"CTCCGGCCTAATATGC-1"
"CTCGAGGTCGAACAGT-1",1576,1239,"CTCGAGGTCGAACAGT-1"
"CTCGCACCTATATAGT-1",1408,1072,"CTCGCACCTATATAGT-1"
"CTCGCCGAATGTAGGG-1",1469,2257,"CTCGCCGAATGTAGGG-1"
"CTCGGTACCACTGCTC-1",1155,1628,"CTCGGTACCACTGCTC-1"
"CTCTATTTGGCTGCAG-1",1398,1861,"CTCTATTTGGCTGCAG-1"
"CTCTCACAATCGATGA-1",1367,1335,"CTCTCACAATCGATGA-1"
"CTCTGGACGCCTGGTG-1",1518,1337,"CTCTGGACGCCTGGTG-1"
"CTGAAAGAGATCCGAC-1",1391,908,"CTGAAAGAGATCCGAC-1"
"CTGACTGCGCAGCTCG-1",781,1295,"CTGACTGCGCAGCTCG-1"
"CTGCACAACTACATAT-1",1247,1925,"CTGCACAACTACATAT-1"
"CTGCACTCCAGTACAG-1",1358,2058,"CTGCACTCCAGTACAG-1"
"CTGCCAAGGTTGGAAG-1",1239,972,"CTGCCAAGGTTGGAAG-1"
"CTGCCATGCATCACAT-1",1515,1600,"CTGCCATGCATCACAT-1"
"CTGCTTGGCGATAGCT-1",1264,2024,"CTGCTTGGCGATAGCT-1"
"CTGGAAATGGATGCTT-1",1689,1240,"CTGGAAATGGATGCTT-1"
"CTGGAAGACACGGTGG-1",1020,1923,"CTGGAAGACACGGTGG-1"
"CTGGCGCACAGGTCTG-1",1006,1495,"CTGGCGCACAGGTCTG-1"
"CTGGCTGATTCATCCT-1",871,1724,"CTGGCTGATTCATCCT-1"
"CTGGGATAAATAATGG-1",1100,1529,"CTGGGATAAATAATGG-1"
"CTGGGTAGGCAGTTAA-1",1193,1695,"CTGGGTAGGCAGTTAA-1"
"CTGGTAACACATAGAA-1",1023,1660,"CTGGTAACACATAGAA-1"
"CTGGTAACGAGCTCTT-1",858,1230,"CTGGTAACGAGCTCTT-1"
"CTGTACTTCTTAGCAT-1",1723,1569,"CTGTACTTCTTAGCAT-1"
"CTGTCAAATGGCTCGG-1",1125,1036,"CTGTCAAATGGCTCGG-1"
"CTGTGCAGGGTAGGTC-1",1363,1664,"CTGTGCAGGGTAGGTC-1"
"CTGTTCACTGCCTGTG-1",1635,1009,"CTGTTCACTGCCTGTG-1"
"CTTAGCCTTCCACATG-1",1219,1004,"CTTAGCCTTCCACATG-1"
"CTTAGTAGGCCTACAG-1",762,1328,"CTTAGTAGGCCTACAG-1"
"CTTCATTGTCAGTGGA-1",1554,1469,"CTTCATTGTCAGTGGA-1"
"CTTGAGTTAGGGTAAT-1",929,1560,"CTTGAGTTAGGGTAAT-1"
"CTTGTACTTGTTGACT-1",1730,977,"CTTGTACTTGTTGACT-1"
"CTTGTCAACATTCGAG-1",1436,1928,"CTTGTCAACATTCGAG-1"
"CTTGTTGCTGAGTCAA-1",1176,1530,"CTTGTTGCTGAGTCAA-1"
"CTTTAACTTTCAAAGG-1",1427,1040,"CTTTAACTTTCAAAGG-1"
"CTTTAATATTGGTCGA-1",1303,1959,"CTTTAATATTGGTCGA-1"
"CTTTACCGAATAGTAG-1",1095,1924,"CTTTACCGAATAGTAG-1"
"CTTTAGGAACACTGTT-1",1042,1627,"CTTTAGGAACACTGTT-1"
"CTTTAGTGCTATTATT-1",1476,1731,"CTTTAGTGCTATTATT-1"
"CTTTCTGTGCGGGCTT-1",1434,2059,"CTTTCTGTGCGGGCTT-1"
"GAAACAGATGACCACC-1",948,1593,"GAAACAGATGACCACC-1"
"GAAAGAACAGCGTTAT-1",741,1492,"GAAAGAACAGCGTTAT-1"
"GAAATGGCGGTGTTAG-1",1708,1273,"GAAATGGCGGTGTTAG-1"
"GAACACACATCAACCA-1",1748,1010,"GAACACACATCAACCA-1"
"GAACAGATTACTAAAT-1",1338,2157,"GAACAGATTACTAAAT-1"
"GAACCCTCTGTGTTCT-1",1413,2223,"GAACCCTCTGTGTTCT-1"
"GAACGTCTCATGGTCG-1",1046,1298,"GAACGTCTCATGGTCG-1"
"GAAGCGTGAGGAATTT-1",1555,1403,"GAAGCGTGAGGAATTT-1"
"GAAGTCTCCCTAGCGA-1",968,1495,"GAAGTCTCCCTAGCGA-1"
"GAATAGACGCGACCCA-1",947,1659,"GAATAGACGCGACCCA-1"
"GAATCTGAACATTCTC-1",1476,1665,"GAATCTGAACATTCTC-1"
"GAATGTGGTCCGGATT-1",1155,1694,"GAATGTGGTCCGGATT-1"
"GAATGTTGGGTAATCT-1",1389,1039,"GAATGTTGGGTAATCT-1"
"GAATTATAGTGAAAGG-1",1404,1401,"GAATTATAGTGAAAGG-1"
"GACAAACATATGCAGG-1",795,1723,"GACAAACATATGCAGG-1"
"GACAACGACCATTGAA-1",1237,1103,"GACAACGACCATTGAA-1"
"GACACAAGGGAAGAAA-1",1330,1269,"GACACAAGGGAAGAAA-1"
"GACAGCCAGACCTGAC-1",1061,1660,"GACAGCCAGACCTGAC-1"
"GACCGTGCTGACGGTG-1",1704,1602,"GACCGTGCTGACGGTG-1"
"GACGACGATCCGCGTT-1",1359,1992,"GACGACGATCCGCGTT-1"
"GACGGTCAATAGAAGC-1",801,1263,"GACGGTCAATAGAAGC-1"
"GACTAAGATCATGCAC-1",1691,1043,"GACTAAGATCATGCAC-1"
"GACTCGCGGGAATGAC-1",877,1198,"GACTCGCGGGAATGAC-1"
"GACTGCAAATCGAGCT-1",1262,2221,"GACTGCAAATCGAGCT-1"
"GAGACTGATGGGTAGA-1",1633,1206,"GAGACTGATGGGTAGA-1"
"GAGATCTGTCACTCCG-1",1292,1268,"GAGATCTGTCACTCCG-1"
"GAGATGGGAGTCGACA-1",1321,1992,"GAGATGGGAGTCGACA-1"
"GAGCACCTGTGTCCAG-1",1168,2188,"GAGCACCTGTGTCCAG-1"
"GAGCTAAGGGCATATC-1",1122,1233,"GAGCTAAGGGCATATC-1"
"GAGGGCGCAGCTCTGC-1",1010,1166,"GAGGGCGCAGCTCTGC-1"
"GAGTGTGCGGTACCCA-1",1022,1725,"GAGTGTGCGGTACCCA-1"
"GATAACTCGCACTGTG-1",1005,1561,"GATAACTCGCACTGTG-1"
"GATAGGTAACGTTGAC-1",1550,1863,"GATAGGTAACGTTGAC-1"
"GATATGAGACACTAAC-1",1156,1563,"GATATGAGACACTAAC-1"
"GATATTGAGATTGGCG-1",799,1394,"GATATTGAGATTGGCG-1"
"GATCATTCCAAACATT-1",1632,1272,"GATCATTCCAAACATT-1"
"GATCCCTTTATACTGC-1",1557,1206,"GATCCCTTTATACTGC-1"
"GATCCGGGAATTAACA-1",1307,1564,"GATCCGGGAATTAACA-1"
"GATCCTAAATCGGGAC-1",896,1165,"GATCCTAAATCGGGAC-1"
"GATCGCGGGCTCTCCA-1",1705,1470,"GATCGCGGGCTCTCCA-1"
"GATCGGTGGCCATAAC-1",1406,1204,"GATCGGTGGCCATAAC-1"
"GATCGTGACTGATATC-1",1327,1532,"GATCGTGACTGATATC-1"
"GATCTTGGAGGGCATA-1",1362,1729,"GATCTTGGAGGGCATA-1"
"GATGCGTCCTGCATTC-1",1611,1502,"GATGCGTCCTGCATTC-1"
"GATGCTGTATTTCATC-1",1268,1695,"GATGCTGTATTTCATC-1"
"GATTCCCTTGTCGCAG-1",1426,1105,"GATTCCCTTGTCGCAG-1"
"GATTCGACGGTTCACG-1",1344,1631,"GATTCGACGGTTCACG-1"
"GCAAACCCTACATTAT-1",1134,1858,"GCAAACCCTACATTAT-1"
"GCAAACCTTGGCCATA-1",1414,2157,"GCAAACCTTGGCCATA-1"
"GCAGACCCAGCACGTA-1",741,1558,"GCAGACCCAGCACGTA-1"
"GCAGATCCATAAGACT-1",1076,1956,"GCAGATCCATAAGACT-1"
"GCAGATTAGGGATATC-1",1535,1501,"GCAGATTAGGGATATC-1"
"GCATAGAGCACTCAGG-1",1573,1502,"GCATAGAGCACTCAGG-1"
"GCATGAGGGACGCGGC-1",990,1265,"GCATGAGGGACGCGGC-1"
"GCCCGATCTGTGGTCG-1",1491,2027,"GCCCGATCTGTGGTCG-1"
"GCCCGTAATACCTTCT-1",1199,1168,"GCCCGTAATACCTTCT-1"
"GCCGATTGGCCAAGCT-1",1533,1633,"GCCGATTGGCCAAGCT-1"
"GCCGGGTTAGGGTCGC-1",1571,1633,"GCCGGGTTAGGGTCGC-1"
"GCCTATAGTGTCAGGG-1",971,1232,"GCCTATAGTGTCAGGG-1"
"GCCTCATCTGGAAATA-1",891,1625,"GCCTCATCTGGAAATA-1"
"GCCTCTATACATAGCA-1",1264,2090,"GCCTCTATACATAGCA-1"
"GCGAAGCCATACCCGT-1",1537,1304,"GCGAAGCCATACCCGT-1"
"GCGAGTTCTGCAAAGA-1",1498,1435,"GCGAGTTCTGCAAAGA-1"
"GCGATTGTTAACGTTA-1",1233,1498,"GCGATTGTTAACGTTA-1"
"GCGCAAGAGCGCGCTG-1",797,1591,"GCGCAAGAGCGCGCTG-1"
"GCGCATCCAGTCAGCA-1",896,1231,"GCGCATCCAGTCAGCA-1"
"GCGCCGTTCCACGATA-1",1458,1632,"GCGCCGTTCCACGATA-1"
"GCGCTAATTGAATAGA-1",1366,1401,"GCGCTAATTGAATAGA-1"
"GCGCTGCTTTGCATTT-1",915,1198,"GCGCTGCTTTGCATTT-1"
"GCGTAAATGGCCATAA-1",761,1394,"GCGTAAATGGCCATAA-1"
"GCGTCGCCAGGGTGAT-1",1510,2060,"GCGTCGCCAGGGTGAT-1"
"GCGTGGTACTGGGTTA-1",893,1428,"GCGTGGTACTGGGTTA-1"
"GCTAAGTAGTTTCTCT-1",1177,1398,"GCTAAGTAGTTTCTCT-1"
"GCTACGACTTATTGGG-1",1381,1697,"GCTACGACTTATTGGG-1"
"GCTAGGCACCACGGAG-1",1094,2055,"GCTAGGCACCACGGAG-1"
"GCTAGTAGAGCTTGTA-1",1459,1566,"GCTAGTAGAGCTTGTA-1"
"GCTATACGTCTCGGAC-1",1019,1988,"GCTATACGTCTCGGAC-1"
"GCTATCATACTCATGG-1",1207,2056,"GCTATCATACTCATGG-1"
"GCTCGCTCATGTCCAA-1",815,1624,"GCTCGCTCATGTCCAA-1"
"GCTCTAAACCCTGACG-1",1597,1074,"GCTCTAAACCCTGACG-1"
"GCTCTCGGGTACCGAA-1",1596,1140,"GCTCTCGGGTACCGAA-1"
"GCTGAGGCGTGAGTAT-1",1477,1599,"GCTGAGGCGTGAGTAT-1"
"GCTGCACGGTTTCTTA-1",1307,1630,"GCTGCACGGTTTCTTA-1"
"GCTGCTACTGCGTAGC-1",1265,1958,"GCTGCTACTGCGTAGC-1"
"GCTGCTCTCCGGACAC-1",1499,1304,"GCTGCTCTCCGGACAC-1"
"GCTGGCGGCGCATGCT-1",1472,2060,"GCTGGCGGCGCATGCT-1"
"GCTGTTGCTACCGAAC-1",892,1560,"GCTGTTGCTACCGAAC-1"
"GCTTAATGTAACTAAC-1",1098,1661,"GCTTAATGTAACTAAC-1"
"GCTTATGAAGCAGGAA-1",1007,1429,"GCTTATGAAGCAGGAA-1"
"GCTTCCGTCCCTAGAC-1",1236,1235,"GCTTCCGTCCCTAGAC-1"
"GCTTGGATCGATTAGG-1",857,1296,"GCTTGGATCGATTAGG-1"
"GCTTTCAGAGGAGGTG-1",894,1362,"GCTTTCAGAGGAGGTG-1"
"GGAATGCGCTAGCGTG-1",1140,1332,"GGAATGCGCTAGCGTG-1"
"GGACCAACAGGATAAC-1",1416,1960,"GGACCAACAGGATAAC-1"
"GGAGACGACACCTTTG-1",1419,1697,"GGAGACGACACCTTTG-1"
"GGAGCACCAAGAACTA-1",1142,1135,"GGAGCACCAAGAACTA-1"
"GGAGGGCTTGGTTGGC-1",1216,1333,"GGAGGGCTTGGTTGGC-1"
"GGATCCGGAATATACT-1",1139,1398,"GGATCCGGAATATACT-1"
"GGATGAAGATCGCTGA-1",909,1658,"GGATGAAGATCGCTGA-1"
"GGATGTCCTTACCGCA-1",969,1429,"GGATGTCCTTACCGCA-1"
"GGATTTCACTTCTATA-1",1121,1299,"GGATTTCACTTCTATA-1"
"GGCAAATTACTTTACT-1",1685,1634,"GGCAAATTACTTTACT-1"
"GGCAAGGCGAAATAGC-1",1381,1762,"GGCAAGGCGAAATAGC-1"
"GGCAATAGTCAATGAG-1",1368,1269,"GGCAATAGTCAATGAG-1"
"GGCGAAATCTAACTTG-1",1041,1693,"GGCGAAATCTAACTTG-1"
"GGCGCGTTCGAGTTTA-1",1569,1830,"GGCGCGTTCGAGTTTA-1"
"GGCGGTAGGATCATTG-1",1386,1302,"GGCGGTAGGATCATTG-1"
"GGCTCGCGTTGAGGTA-1",933,1297,"GGCTCGCGTTGAGGTA-1"
"GGCTCTGCTCCAACGC-1",1331,1137,"GGCTCTGCTCCAACGC-1"
"GGCTGAAATAGCAAAG-1",1190,1892,"GGCTGAAATAGCAAAG-1"
"GGGACTGCATAGATAG-1",1556,1337,"GGGACTGCATAGATAG-1"
"GGGAGAACTCACAGTA-1",1480,1336,"GGGAGAACTCACAGTA-1"
"GGGAGGATGCCCGAAA-1",1724,1503,"GGGAGGATGCCCGAAA-1"
"GGGAGTTAATGAGGCG-1",1272,1367,"GGGAGTTAATGAGGCG-1"
"GGGATTTACCGCACCT-1",985,1659,"GGGATTTACCGCACCT-1"
"GGGCCGGCCGAAGTAC-1",1101,1463,"GGGCCGGCCGAAGTAC-1"
"GGGCGATATGTGTGAA-1",1595,1206,"GGGCGATATGTGTGAA-1"
"GGGCGTACATTTATAT-1",1672,1075,"GGGCGTACATTTATAT-1"
"GGGCTCATCGAACCCA-1",1010,1101,"GGGCTCATCGAACCCA-1"
"GGGCTGCCTAGGGCGA-1",1385,1368,"GGGCTGCCTAGGGCGA-1"
"GGTACAAACATGCTAT-1",1666,1601,"GGTACAAACATGCTAT-1"
"GGTAGAAGACCGCCTG-1",1340,2025,"GGTAGAAGACCGCCTG-1"
"GGTAGTGCTCGCACCA-1",1328,1400,"GGTAGTGCTCGCACCA-1"
"GGTATTGCCGAGTTTA-1",1688,1371,"GGTATTGCCGAGTTTA-1"
"GGTCAGTGGGTCCCAC-1",1512,1863,"GGTCAGTGGGTCCCAC-1"
"GGTCGGCCAGGAGCTT-1",1102,1332,"GGTCGGCCAGGAGCTT-1"
"GGTCTGAGAATCTGGA-1",1179,1267,"GGTCTGAGAATCTGGA-1"
"GGTGATAAGGAGCAGT-1",1195,1497,"GGTGATAAGGAGCAGT-1"
"GGTGGACTGCTCTGGC-1",1075,2088,"GGTGGACTGCTCTGGC-1"
"GGTTAGCTATATGTCT-1",1040,1824,"GGTTAGCTATATGTCT-1"
"GGTTTACAATCTCAAT-1",1313,1104,"GGTTTACAATCTCAAT-1"
"GGTTTCAATCGGTCAG-1",970,1363,"GGTTTCAATCGGTCAG-1"
"GTAAGCGGGCAGTCAG-1",1502,1040,"GTAAGCGGGCAGTCAG-1"
"GTAAGTAACAGTCTGG-1",1137,1595,"GTAAGTAACAGTCTGG-1"
"GTAATAAAGGGCTCCC-1",744,1295,"GTAATAAAGGGCTCCC-1"
"GTACACTTACCTGAAG-1",1479,1468,"GTACACTTACCTGAAG-1"
"GTACAGAGGCAAGGGT-1",1119,1496,"GTACAGAGGCAAGGGT-1"
"GTACGAGATTGCGACA-1",1617,976,"GTACGAGATTGCGACA-1"
"GTACGCTTCATTGCAC-1",1324,1795,"GTACGCTTCATTGCAC-1"
"GTACGTTTGCCCGTCA-1",1400,1730,"GTACGTTTGCCCGTCA-1"
"GTACTAAGATTTGGAG-1",1652,1174,"GTACTAAGATTTGGAG-1"
"GTACTGGAGTTAGACC-1",1159,1365,"GTACTGGAGTTAGACC-1"
"GTAGCCAAACATGGGA-1",1360,1927,"GTAGCCAAACATGGGA-1"
"GTAGCGGCTATACACT-1",1383,1565,"GTAGCGGCTATACACT-1"
"GTAGCTTCCTCTTGTT-1",1008,1298,"GTAGCTTCCTCTTGTT-1"
"GTAGTCGCGGGAATCA-1",1152,1891,"GTAGTCGCGGGAATCA-1"
"GTATAGGACTCAGTAG-1",1598,943,"GTATAGGACTCAGTAG-1"
"GTATCTTTCATAACCA-1",1437,1796,"GTATCTTTCATAACCA-1"
"GTATGTGGGTCTAGTT-1",949,1527,"GTATGTGGGTCTAGTT-1"
"GTCAAGCGGACTCGGG-1",1232,1563,"GTCAAGCGGACTCGGG-1"
"GTCATGCACCTCCGTT-1",1538,1238,"GTCATGCACCTCCGTT-1"
"GTCATGGACATGACTA-1",1520,1139,"GTCATGGACATGACTA-1"
"GTCATTAGAGCGAACG-1",1422,1500,"GTCATTAGAGCGAACG-1"
"GTCCCAACGTAAAGTA-1",1310,1367,"GTCCCAACGTAAAGTA-1"
"GTCCGGCTGAATTGCG-1",1708,1207,"GTCCGGCTGAATTGCG-1"
"GTCGCGTAACCCGTTG-1",1270,1564,"GTCGCGTAACCCGTTG-1"
"GTCGGGAAGCAGAAAC-1",1451,2224,"GTCGGGAAGCAGAAAC-1"
"GTCGTACCATCTCGGG-1",1513,1797,"GTCGTACCATCTCGGG-1"
"GTCTCAAGGCCCGGCT-1",1432,2256,"GTCTCAAGGCCCGGCT-1"
"GTGAAACGGCGCCACC-1",1030,1068,"GTGAAACGGCGCCACC-1"
"GTGACCGCACACTACG-1",967,1560,"GTGACCGCACACTACG-1"
"GTGAGGACACTTAAGG-1",1231,1629,"GTGAGGACACTTAAGG-1"
"GTGCCCGTTCGGATTC-1",1081,1562,"GTGCCCGTTCGGATTC-1"
"GTGCGACAGGGAGTGT-1",798,1460,"GTGCGACAGGGAGTGT-1"
"GTGCGGGTCTCCAAAT-1",1636,943,"GTGCGGGTCTCCAAAT-1"
"GTGCGTGTATATGAGC-1",1118,1628,"GTGCGTGTATATGAGC-1"
"GTGCTCAAGTACTGTC-1",1706,1405,"GTGCTCAAGTACTGTC-1"
"GTGGACGCATTTGTCC-1",1471,2125,"GTGGACGCATTTGTCC-1"
"GTGTACCTTGGCTACG-1",1218,1136,"GTGTACCTTGGCTACG-1"
"GTGTATATCAGCGGGC-1",1244,2188,"GTGTATATCAGCGGGC-1"
"GTGTCGTATAGCGTTC-1",1245,2057,"GTGTCGTATAGCGTTC-1"
"GTGTGAATAACTTAGG-1",1121,1365,"GTGTGAATAACTTAGG-1"
"GTGTTACTATGCGTCC-1",1269,1630,"GTGTTACTATGCGTCC-1"
"GTTAAAGTAGGACTGG-1",1115,1891,"GTTAAAGTAGGACTGG-1"
"GTTAACATCACTTAAA-1",1301,2090,"GTTAACATCACTTAAA-1"
"GTTACCTACAACTTGC-1",1418,1829,"GTTACCTACAACTTGC-1"
"GTTCGCCATAAGTGCC-1",1686,1503,"GTTCGCCATAAGTGCC-1"
"GTTGAGTCCCGCCGGT-1",1208,1991,"GTTGAGTCCCGCCGGT-1"
"GTTGGATTGAGAACAC-1",1027,1331,"GTTGGATTGAGAACAC-1"
"GTTGGATTTGCGTTGG-1",1743,1471,"GTTGGATTTGCGTTGG-1"
"GTTGGTCATGCTATCC-1",1490,2093,"GTTGGTCATGCTATCC-1"
"GTTTACGTTCCATCTG-1",1474,1862,"GTTTACGTTCCATCTG-1"
"GTTTCTGCAGTCTCCC-1",1326,1597,"GTTTCTGCAGTCTCCC-1"
"GTTTGACCAAATCCTA-1",1594,1272,"GTTTGACCAAATCCTA-1"
"GTTTGGCCCAAGTTAT-1",1174,1661,"GTTTGGCCCAAGTTAT-1"
"GTTTGGGCTTGTGAGC-1",1454,1961,"GTTTGGGCTTGTGAGC-1"
"TAAAGCGTTAGGAGAA-1",1028,1199,"TAAAGCGTTAGGAGAA-1"
"TAACATACAATGTGGG-1",1364,1532,"TAACATACAATGTGGG-1"
"TAACCTACCGTCCGAG-1",781,1361,"TAACCTACCGTCCGAG-1"
"TAAGGCAACATAAGAT-1",1351,1104,"TAAGGCAACATAAGAT-1"
"TAATAGTGACGACCAG-1",1123,1168,"TAATAGTGACGACCAG-1"
"TACATAGGCATACACC-1",1553,1600,"TACATAGGCATACACC-1"
"TACATTTCTAACGTGC-1",1648,1568,"TACATTTCTAACGTGC-1"
"TACCAATAAAGTACCA-1",1112,2088,"TACCAATAAAGTACCA-1"
"TACCGCGGACTTGCAG-1",856,1362,"TACCGCGGACTTGCAG-1"
"TACCGGCTCACTGCCC-1",1456,1829,"TACCGGCTCACTGCCC-1"
"TACCGTGCCTCGGACC-1",1378,1960,"TACCGTGCCTCGGACC-1"
"TACGAACACGACTTCA-1",1688,1306,"TACGAACACGACTTCA-1"
"TACGACTGCCTCTTAG-1",1438,1730,"TACGACTGCCTCTTAG-1"
"TACGCAGTTCTTTCCT-1",1722,1635,"TACGCAGTTCTTTCCT-1"
"TACGCTATAGAAACCT-1",724,1393,"TACGCTATAGAAACCT-1"
"TACTTGTTAGTAGTCC-1",1044,1496,"TACTTGTTAGTAGTCC-1"
"TACTTTACTGAGCCGG-1",876,1263,"TACTTTACTGAGCCGG-1"
"TAGAAAGGTGGCGCTA-1",1159,1300,"TAGAAAGGTGGCGCTA-1"
"TAGACGCCCGTACCGG-1",989,1330,"TAGACGCCCGTACCGG-1"
"TAGAGTCTAAGCGAAC-1",1651,1239,"TAGAGTCTAAGCGAAC-1"
"TAGCCATTTCAAAGTC-1",1004,1692,"TAGCCATTTCAAAGTC-1"
"TAGCCGGCGGTCAGCG-1",1083,1364,"TAGCCGGCGGTCAGCG-1"
"TAGCGTCCGGTGTGGT-1",1227,2024,"TAGCGTCCGGTGTGGT-1"
"TAGCGTTGGGTCTTAC-1",1402,1533,"TAGCGTTGGGTCTTAC-1"
"TAGCTAAGTCCGGGAG-1",1614,1239,"TAGCTAAGTCCGGGAG-1"
"TAGGCATGTTACGCCA-1",1087,1036,"TAGGCATGTTACGCCA-1"
"TAGGGAGCTTGGGATG-1",874,1461,"TAGGGAGCTTGGGATG-1"
"TAGGGTGTTTCAAGAG-1",1673,1010,"TAGGGTGTTTCAAGAG-1"
"TAGGTCGCCGGAACTG-1",800,1328,"TAGGTCGCCGGAACTG-1"
"TAGGTGCTCGCCTAGC-1",1061,1594,"TAGGTGCTCGCCTAGC-1"
"TAGGTTCGAGTTCGTC-1",1422,1434,"TAGGTTCGAGTTCGTC-1"
"TAGTCCGCAGAGAATG-1",1685,1569,"TAGTCCGCAGAGAATG-1"
"TAGTGCCCTCCAGAGT-1",1707,1339,"TAGTGCCCTCCAGAGT-1"
"TATACACAGACGCCTT-1",1549,1929,"TATACACAGACGCCTT-1"
"TATACGCGTCATCACT-1",1394,2256,"TATACGCGTCATCACT-1"
"TATAGATGGTCGCAGT-1",759,1591,"TATAGATGGTCGCAGT-1"
"TATATCCCTGGGAGGA-1",836,1460,"TATATCCCTGGGAGGA-1"
"TATCCAATTGGTTATC-1",1188,2089,"TATCCAATTGGTTATC-1"
"TATCTACCACAGCGGG-1",1552,1666,"TATCTACCACAGCGGG-1"
"TATGCTCCCTACTTAC-1",1539,1107,"TATGCTCCCTACTTAC-1"
"TATGGATGTGCTACGC-1",1671,1141,"TATGGATGTGCTACGC-1"
"TATGGGACCGAGCAGG-1",1630,1469,"TATGGGACCGAGCAGG-1"
"TATGGGTACGTATCGT-1",1594,1337,"TATGGGTACGTATCGT-1"
"TATGGTCTGAGTAACA-1",1592,1469,"TATGGTCTGAGTAACA-1"
"TATGTCTCATTGTGCC-1",1141,1266,"TATGTCTCATTGTGCC-1"
"TATTACCATCCTGCTT-1",873,1526,"TATTACCATCCTGCTT-1"
"TATTCAATTCTAATCC-1",1290,1400,"TATTCAATTCTAATCC-1"
"TATTCCGAGCTGTTAT-1",1056,2055,"TATTCCGAGCTGTTAT-1"
"TATTCGTGCCAGAATA-1",1479,1402,"TATTCGTGCCAGAATA-1"
"TCAAACAACCGCGTCG-1",1559,1074,"TCAAACAACCGCGTCG-1"
"TCAAACTTAGATTGTT-1",1462,1303,"TCAAACTTAGATTGTT-1"
"TCAAATTTGAGACTCA-1",1356,2255,"TCAAATTTGAGACTCA-1"
"TCAACCATGTTCGGGC-1",1728,1109,"TCAACCATGTTCGGGC-1"
"TCACCCTCTTAAGATT-1",1570,1765,"TCACCCTCTTAAGATT-1"
"TCACCGCTCGGCACTC-1",952,1264,"TCACCGCTCGGCACTC-1"
"TCACGCATTGTAGATC-1",1763,1372,"TCACGCATTGTAGATC-1"
"TCACGTGCCCGATTCA-1",1516,1534,"TCACGTGCCCGATTCA-1"
"TCAGACGCTATAGAAG-1",1323,1860,"TCAGACGCTATAGAAG-1"
"TCAGCAAATGCATCTC-1",1310,1301,"TCAGCAAATGCATCTC-1"
"TCAGGGTGTAACGTAA-1",1330,1203,"TCAGGGTGTAACGTAA-1"
"TCATTTAAGTCTCCGA-1",818,1427,"TCATTTAAGTCTCCGA-1"
"TCCACTTTATCTAGGT-1",1197,1300,"TCCACTTTATCTAGGT-1"
"TCCAGAGCACCGGTTC-1",1364,1598,"TCCAGAGCACCGGTTC-1"
"TCCAGGCGAGTACGGT-1",1613,1305,"TCCAGGCGAGTACGGT-1"
"TCCCAAAGACGAAGGA-1",1558,1140,"TCCCAAAGACGAAGGA-1"
"TCCCAGCTTTAGTCTG-1",1631,1404,"TCCCAGCTTTAGTCTG-1"
"TCCCGCGTACTCCTGG-1",1388,1171,"TCCCGCGTACTCCTGG-1"
"TCCCGTCAGTCCCGCA-1",1276,1038,"TCCCGTCAGTCCCGCA-1"
"TCCGATGACTGAGCTC-1",1257,1005,"TCCGATGACTGAGCTC-1"
"TCCGATGGTGCGACAT-1",1691,1108,"TCCGATGGTGCGACAT-1"
"TCCGCCTGTCTACAAG-1",1282,2123,"TCCGCCTGTCTACAAG-1"
"TCCGCGGCAGCATCTG-1",1101,1398,"TCCGCGGCAGCATCTG-1"
"TCCGCTTATCCCATTA-1",1473,1928,"TCCGCTTATCCCATTA-1"
"TCCGGCCTAGCGTACA-1",839,1197,"TCCGGCCTAGCGTACA-1"
"TCCGTTTAGCCTTGAA-1",1009,1232,"TCCGTTTAGCCTTGAA-1"
"TCCTAAATTGGGAAGC-1",1358,2124,"TCCTAAATTGGGAAGC-1"
"TCCTACATCCACGGCC-1",1097,1792,"TCCTACATCCACGGCC-1"
"TCCTCGGGCTGGGCTT-1",1250,1597,"TCCTCGGGCTGGGCTT-1"
"TCCTTTCTTACGCTTA-1",1519,1271,"TCCTTTCTTACGCTTA-1"
"TCGAGACCAACACCGT-1",1648,1503,"TCGAGACCAACACCGT-1"
"TCGCAAAGATGCATTT-1",1267,1827,"TCGCAAAGATGCATTT-1"
"TCGCACCAGGAGGCAG-1",1171,1924,"TCGCACCAGGAGGCAG-1"
"TCGCCGGTCGATCCGT-1",1542,909,"TCGCCGGTCGATCCGT-1"
"TCGCTCGATATATTCC-1",1500,1238,"TCGCTCGATATATTCC-1"
"TCGCTGGGCGGATTGT-1",1293,1202,"TCGCTGGGCGGATTGT-1"
"TCGCTTTAAACGTTTG-1",1048,1101,"TCGCTTTAAACGTTTG-1"
"TCGGACGCCCAGCCCA-1",1196,1366,"TCGGACGCCCAGCCCA-1"
"TCGGAGTACATGAGTA-1",1291,1334,"TCGGAGTACATGAGTA-1"
"TCGGGAGACAGCGTAC-1",1338,2222,"TCGGGAGACAGCGTAC-1"
"TCGGGCCGTCGTGGTA-1",1024,1594,"TCGGGCCGTCGTGGTA-1"
"TCGTAAGACGACATTG-1",1236,1169,"TCGTAAGACGACATTG-1"
"TCGTCTTAGGCGTTAA-1",1113,2022,"TCGTCTTAGGCGTTAA-1"
"TCTACCGTCCACAAGC-1",1425,1171,"TCTACCGTCCACAAGC-1"
"TCTAGCATGCCCAGAA-1",1436,1862,"TCTAGCATGCCCAGAA-1"
"TCTAGGTGGCGACGCT-1",820,1230,"TCTAGGTGGCGACGCT-1"
"TCTAGTGATATCGTGG-1",833,1723,"TCTAGTGATATCGTGG-1"
"TCTAGTTATCAGAAGA-1",1668,1404,"TCTAGTTATCAGAAGA-1"
"TCTATCGGTCGCAACA-1",1484,1007,"TCTATCGGTCGCAACA-1"
"TCTCATGAGATAGGGT-1",1039,1890,"TCTCATGAGATAGGGT-1"
"TCTCCCTGGGCAGCGT-1",1169,2056,"TCTCCCTGGGCAGCGT-1"
"TCTGAAGCACGTGGTC-1",1093,2121,"TCTGAAGCACGTGGTC-1"
"TCTGAATTCCGTACAA-1",913,1395,"TCTGAATTCCGTACAA-1"
"TCTGATGTATTCTGTC-1",1114,1957,"TCTGATGTATTCTGTC-1"
"TCTGCCAGAAACTGCA-1",1193,1629,"TCTGCCAGAAACTGCA-1"
"TCTGGGAACCTTTGAA-1",835,1592,"TCTGGGAACCTTTGAA-1"
"TCTGTGCCATCATAGT-1",1178,1333,"TCTGTGCCATCATAGT-1"
"TCTTACTTATGCCTCT-1",927,1757,"TCTTACTTATGCCTCT-1"
"TCTTAGAGTGAACTCT-1",815,1690,"TCTTAGAGTGAACTCT-1"
"TCTTCCCATGGGCACA-1",875,1329,"TCTTCCCATGGGCACA-1"
"TCTTCGAATAGACGTT-1",1345,1565,"TCTTCGAATAGACGTT-1"
"TCTTCGATACCAATAA-1",1442,1336,"TCTTCGATACCAATAA-1"
"TCTTGATGCGTAGCGA-1",1405,1335,"TCTTGATGCGTAGCGA-1"
"TCTTGGTAACACCAAA-1",1465,974,"TCTTGGTAACACCAAA-1"
"TCTTTAAGACTATGAA-1",837,1394,"TCTTTAAGACTATGAA-1"
"TGAAAGGACCTGACTC-1",1120,1431,"TGAAAGGACCTGACTC-1"
"TGACATCGAGCGGACC-1",780,1427,"TGACATCGAGCGGACC-1"
"TGACGATGCACTAGAA-1",892,1494,"TGACGATGCACTAGAA-1"
"TGACTATAATCCTTTC-1",1399,1796,"TGACTATAATCCTTTC-1"
"TGAGAGATTTACCACG-1",967,1626,"TGAGAGATTTACCACG-1"
"TGAGCGGAAAGTGTTC-1",1452,2092,"TGAGCGGAAAGTGTTC-1"
"TGAGTGGTCCGTGACG-1",1103,1266,"TGAGTGGTCCGTGACG-1"
"TGATCGGTTTGACCCT-1",1671,1207,"TGATCGGTTTGACCCT-1"
"TGATCTCCGGCGCCAG-1",1746,1208,"TGATCTCCGGCGCCAG-1"
"TGCAAGAATGACGTAA-1",1556,1271,"TGCAAGAATGACGTAA-1"
"TGCAGGATCGGCAAAG-1",1294,1071,"TGCAGGATCGGCAAAG-1"
"TGCAGTTTCCTCCCAT-1",986,1594,"TGCAGTTTCCTCCCAT-1"
"TGCATATGTCTGTCAC-1",1082,1430,"TGCATATGTCTGTCAC-1"
"TGCATGTGGTAATCTA-1",1160,1234,"TGCATGTGGTAATCTA-1"
"TGCCAGTACGTGGAGA-1",1341,1959,"TGCCAGTACGTGGAGA-1"
"TGCCCGTACCGTTAAA-1",1267,1761,"TGCCCGTACCGTTAAA-1"
"TGCCGTGGATCGTCCT-1",1490,2158,"TGCCGTGGATCGTCCT-1"
"TGCCTGATCAAACGAT-1",1371,940,"TGCCTGATCAAACGAT-1"
"TGCCTTGGCCAGGCAA-1",1132,1990,"TGCCTTGGCCAGGCAA-1"
"TGCGCAAAGCATTTGG-1",1424,1303,"TGCGCAAAGCATTTGG-1"
"TGCGGAGTAAAGGTGC-1",1371,1006,"TGCGGAGTAAAGGTGC-1"
"TGCGTTTGTTGACACT-1",1250,1662,"TGCGTTTGTTGACACT-1"
"TGCTGTTGAAGAACTC-1",1440,1533,"TGCTGTTGAAGAACTC-1"
"TGGAAGGATAAAGATG-1",1409,941,"TGGAAGGATAAAGATG-1"
"TGGACTGTTCGCTCAA-1",1308,1499,"TGGACTGTTCGCTCAA-1"
"TGGCAAACTAAATTAC-1",1209,1925,"TGGCAAACTAAATTAC-1"
"TGGCAGATTACGATCA-1",1589,1732,"TGGCAGATTACGATCA-1"
"TGGCAGCAGTAATAGT-1",1534,1567,"TGGCAGCAGTAATAGT-1"
"TGGCCAAACTGAAGTA-1",1255,1202,"TGGCCAAACTGAAGTA-1"
"TGGTCCCACGCTACGG-1",1284,1992,"TGGTCCCACGCTACGG-1"
"TGGTTCAACGGGTAAT-1",1284,1926,"TGGTTCAACGGGTAAT-1"
"TGGTTCGTAGCAAAGG-1",1654,1042,"TGGTTCGTAGCAAAGG-1"
"TGTACGAACAAATCCG-1",1591,1535,"TGTACGAACAAATCCG-1"
"TGTAGGAGAAATTTCC-1",1064,1397,"TGTAGGAGAAATTTCC-1"
"TGTATAACAGATCCTG-1",1198,1234,"TGTATAACAGATCCTG-1"
"TGTATGGCGCAGACAG-1",928,1691,"TGTATGGCGCAGACAG-1"
"TGTGACTACGCCAGTC-1",1314,973,"TGTGACTACGCCAGTC-1"
"TGTGGCAAAGCGTATG-1",1047,1232,"TGTGGCAAAGCGTATG-1"
"TGTTATTGTATGTGGC-1",1060,1726,"TGTTATTGTATGTGGC-1"
"TGTTCGTATTGCGGTG-1",1530,1896,"TGTTCGTATTGCGGTG-1"
"TGTTGTCAAGAAGTCT-1",1143,1069,"TGTTGTCAAGAAGTCT-1"
"TTAAACTCGAATTCAT-1",895,1297,"TTAAACTCGAATTCAT-1"
"TTAATGTAGACCAGGT-1",1405,1270,"TTAATGTAGACCAGGT-1"
"TTACAACTACGCATCC-1",1710,1076,"TTACAACTACGCATCC-1"
"TTACGGATGGTTCGAG-1",932,1363,"TTACGGATGGTTCGAG-1"
"TTACTAAAGGACTTTA-1",1210,1859,"TTACTAAAGGACTTTA-1"
"TTACTCCGGCCGGGAA-1",1215,1399,"TTACTCCGGCCGGGAA-1"
"TTAGAAGAACATGACT-1",1473,1994,"TTAGAAGAACATGACT-1"
"TTAGACGAGTCACCTC-1",1172,1859,"TTAGACGAGTCACCTC-1"
"TTAGAGTTTAGAAGGA-1",1059,1792,"TTAGAGTTTAGAAGGA-1"
"TTAGCTGATTTGCCGT-1",911,1527,"TTAGCTGATTTGCCGT-1"
"TTATATACGCTGTCAC-1",1289,1531,"TTATATACGCTGTCAC-1"
"TTATATTTGGCAATCC-1",1482,1139,"TTATATTTGGCAATCC-1"
"TTATCCGGGATCTATA-1",1038,1956,"TTATCCGGGATCTATA-1"
"TTATCTGTATCATAAC-1",1560,1008,"TTATCTGTATCATAAC-1"
"TTATGAATGAAAGGGA-1",1496,1632,"TTATGAATGAAAGGGA-1"
"TTATGATCTTAACGAA-1",1138,1530,"TTATGATCTTAACGAA-1"
"TTATTAGAGCGTGTTC-1",1361,1795,"TTATTAGAGCGTGTTC-1"
"TTCAAAGTCTCTAGCC-1",1271,1432,"TTCAAAGTCTCTAGCC-1"
"TTCAATACTCTGAATC-1",1062,1529,"TTCAATACTCTGAATC-1"
"TTCACGAAAGGATCAC-1",1667,1536,"TTCACGAAAGGATCAC-1"
"TTCACTCGAGCACCTA-1",1377,2091,"TTCACTCGAGCACCTA-1"
"TTCAGCCCTGGTCCAC-1",1078,1825,"TTCAGCCCTGGTCCAC-1"
"TTCATGGCGCAACAGG-1",1277,906,"TTCATGGCGCAACAGG-1"
"TTCCGCGTGAGGCGAT-1",1475,1796,"TTCCGCGTGAGGCGAT-1"
"TTCCGGTTACCCACTT-1",1041,1759,"TTCCGGTTACCCACTT-1"
"TTCCTCGGACTAACCA-1",1058,1923,"TTCCTCGGACTAACCA-1"
"TTCGACAGAGCCCGTG-1",1397,1993,"TTCGACAGAGCCCGTG-1"
"TTCGGGACTAATCGCG-1",1327,1466,"TTCGGGACTAATCGCG-1"
"TTCTAACCGAAGCTTA-1",988,1396,"TTCTAACCGAAGCTTA-1"
"TTCTGACCGGGCTCAA-1",1095,1989,"TTCTGACCGGGCTCAA-1"
"TTCTGCCGCGCCTAGA-1",1379,1894,"TTCTGCCGCGCCTAGA-1"
"TTCTGCGGGTTAGCGG-1",1175,1596,"TTCTGCGGGTTAGCGG-1"
"TTGAAGAATTCCCAGG-1",1745,1339,"TTGAAGAATTCCCAGG-1"
"TTGAATATGGACTTTC-1",1253,1399,"TTGAATATGGACTTTC-1"
"TTGAATTCACGTGAGG-1",854,1559,"TTGAATTCACGTGAGG-1"
"TTGACCATGTTCTCCG-1",1219,1070,"TTGACCATGTTCTCCG-1"
"TTGACGCTCCATGAGC-1",778,1624,"TTGACGCTCCATGAGC-1"
"TTGCACGGAGCAGCAC-1",1579,976,"TTGCACGGAGCAGCAC-1"
"TTGCTCCCATACCGGA-1",1333,1006,"TTGCTCCCATACCGGA-1"
"TTGCTGATCATGTTCG-1",1612,1371,"TTGCTGATCATGTTCG-1"
"TTGGGACACTGCCCGC-1",1368,1203,"TTGGGACACTGCCCGC-1"
"TTGGGCGGCGGTTGCC-1",1254,1268,"TTGGGCGGCGGTTGCC-1"
"TTGTAAGGCCAGTTGG-1",1161,1168,"TTGTAAGGCCAGTTGG-1"
"TTGTAATCCGTACTCG-1",1649,1437,"TTGTAATCCGTACTCG-1"
"TTGTCGTTCAGTTACC-1",1597,1009,"TTGTCGTTCAGTTACC-1"
"TTGTTCAGTGTGCTAC-1",1483,1073,"TTGTTCAGTGTGCTAC-1"
"TTGTTGTGTGTCAAGA-1",1235,1300,"TTGTTGTGTGTCAAGA-1"
